Book Id,Title,Author,Author l-f,Additional Authors,ISBN,ISBN13,My Rating,Average Rating,Publisher,Binding,Number of Pages,Year Published,Original Publication Year,Date Read,Date Added,Bookshelves,Bookshelves with positions,Exclusive Shelf,My Review,Spoiler,Private Notes,Read Count,Owned Copies
25744928,Deep Work: Rules for Focused Success in a Distracted World,Cal Newport,"Newport, Cal",,"=""1455586692""","=""9781455586691""",3,4.19,Grand Central Publishing,Hardcover,296,2016,2016,,2019/03/06,self,self (#9),read,Inspirational! deep work tend to generate qualified result. <br/>Stay away from Social media which is engineered to be addictive.,,,1,0
5617966,A Guide to the Good Life: The Ancient Art of Stoic Joy,William B. Irvine,"Irvine, William B.",,"=""0195374614""","=""9780195374612""",5,4.18,Oxford University Press,Hardcover,326,2008,2008,2022/04/13,2022/04/13,,,read,,,,1,0
23875809,No Sweat: How the Simple Science of Motivation Can Bring You a Lifetime of Fitness,Michelle Segar,"Segar, Michelle",,"=""0814434851""","=""9780814434857""",3,3.63,AMACOM,Paperback,272,2015,2015,,2021/07/21,,,read,Keep active! Any activities counts.,,,1,0
21873175,The End of Dieting: How to Live for Life,Joel Fuhrman,"Fuhrman, Joel",,"=""0062249339""","=""9780062249333""",3,3.96,HarperOne,Paperback,368,2015,2013,2021/07/19,2021/07/21,,,read,"The gist (research reports) is to eat mostly Plants (greens, beans, seeds etc) and less animal products (seafood included)<br/>BMI, body fat, visceral fat are all healthy facts.",,,1,0
23232941,Soft Skills: The Software Developer's Life Manual,John Z. Sonmez,"Sonmez, John Z.",,"=""""","=""9781617292392""",0,3.85,Manning Publications,Paperback,470,2014,,,2021/03/22,to-read,to-read (#241),to-read,,,,0,0
34611048,悉达多,Hermann Hesse,"Hesse, Hermann","赫尔曼·黑塞, 姜乙","=""""","=""""",0,4.05,天津人民出版社,Kindle Edition,144,2017,1922,,2021/03/18,to-read,to-read (#240),to-read,,,,0,0
17349914,Functional Differential Geometry,Gerald Jay Sussman,"Sussman, Gerald Jay",,"=""0262019345""","=""9780262019347""",0,3.64,MIT Press,Hardcover,228,2013,2013,,2021/03/18,to-read,to-read (#239),to-read,,,,0,0
245484,Structure and Interpretation of Classical Mechanics,Gerald Jay Sussman,"Sussman, Gerald Jay","Jack Wisdom, Meinhard E. Mayer","=""0262194554""","=""9780262194556""",0,4.35,MIT Press,Hardcover,534,2001,2001,,2021/03/18,to-read,to-read (#238),to-read,,,,0,0
43713,Structure and Interpretation of Computer Programs,Harold Abelson,"Abelson, Harold","Gerald Jay Sussman, Julie Sussman","=""0262510871""","=""9780262510875""",0,4.47,MIT Press,Paperback,657,1996,1984,,2021/03/18,to-read,to-read (#237),to-read,,,,0,0
25545484,The Little Prover,Daniel P. Friedman,"Friedman, Daniel P.",Carl Eastlund,"=""0262527952""","=""9780262527958""",0,4.05,MIT Press,Paperback,248,2015,2015,,2021/03/18,to-read,to-read (#236),to-read,,,,0,0
34576082,How to Take Smart Notes,Sönke Ahrens,"Ahrens, Sönke",,"=""1542866502""","=""9781542866507""",4,4.18,Createspace Independent Publishing Platform,Paperback,170,2017,2017,2021/03/17,2021/03/12,,,read,Need focusing and elaborate while reading; try to understand instead of scanning text; bring questions.,,,1,0
53730364,Software Design for Flexibility: How to Avoid Programming Yourself Into a Corner,Chris Hanson,"Hanson, Chris",Gerald Jay Sussman,"=""0262045494""","=""9780262045490""",0,3.38,MIT Press,Hardcover,448,2021,,,2021/03/17,to-read,to-read (#235),to-read,,,,0,0
42348818,The Book You Wish Your Parents Had Read (and Your Children Will Be Glad That You Did),Philippa Perry,"Perry, Philippa",,"=""""","=""""",0,4.10,Penguin,Kindle Edition,240,2020,2019,,2021/01/12,to-read,to-read (#234),to-read,,,,0,0
29939161,Radical Candor: Be a Kickass Boss Without Losing Your Humanity,Kim Malone Scott,"Scott, Kim Malone",,"=""1250103509""","=""9781250103505""",3,4.09,St. Martin's Press,Hardcover,336,2017,2017,2021/01/08,2020/12/17,,,read,,,,1,0
25898216,Stamped from the Beginning: The Definitive History of Racist Ideas in America,Ibram X. Kendi,"Kendi, Ibram X.",,"=""1568584636""","=""9781568584638""",0,4.55,Bold Type Books,Hardcover,592,2016,2016,,2020/12/27,to-read,to-read (#233),to-read,,,,0,0
67825,Peopleware: Productive Projects and Teams,Tom DeMarco,"DeMarco, Tom",Timothy R. Lister,"=""0932633439""","=""9780932633439""",0,4.13,"Dorset House Publishing Company, Incorporated",Paperback,245,1999,1987,,2020/12/17,to-read,to-read (#232),to-read,,,,0,0
48890486,Breath: The New Science of a Lost Art,James Nestor,"Nestor, James",,"=""0735213615""","=""9780735213616""",0,4.15,Riverhead Books,Hardcover,214,2020,2020,,2020/12/17,to-read,to-read (#231),to-read,,,,0,0
53916142,A Life on Our Planet: My Witness Statement and a Vision for the Future,David Attenborough,"Attenborough, David",Jonnie Hughes,"=""1538719983""","=""9781538719985""",0,4.52,Grand Central Publishing,Hardcover,272,2020,2020,,2020/12/17,to-read,to-read (#230),to-read,,,,0,0
51227088,"The Splendid and the Vile: A Saga of Churchill, Family, and Defiance During the Blitz",Erik Larson,"Larson, Erik",,"=""""","=""""",0,4.28,Crown Publishing Group (NY),Hardcover,585,2020,2020,,2020/12/17,to-read,to-read (#229),to-read,,,,0,0
54110137,"Sapiens: A Graphic History, Volume 1 - The Birth of Humankind",David Vandermeulen,"Vandermeulen, David","Daniel Casanave, Yuval Noah Harari","=""0063055082""","=""9780063055087""",5,4.39,Harper,Hardcover,248,2020,2020,2020/12/17,2020/12/17,,,read,,,,1,0
22433128,Why Limit WIP (MemeMachine Series Book 2),Jim  Benson,"Benson, Jim",,"=""0989081230""","=""9780989081238""",0,4.33,Modus Cooperandi,Paperback,136,2014,2014,,2020/12/17,to-read,to-read (#228),to-read,,,,0,0
566574,Out of the Crisis,W. Edwards Deming,"Deming, W. Edwards",,"=""0262541157""","=""9780262541152""",0,3.98,MIT Press,Paperback,524,2000,1982,,2020/12/17,to-read,to-read (#227),to-read,,,,0,0
685448,The Monk and the Riddle: The Education of a Silicon Valley Entrepreneur,Randy Komisar,"Komisar, Randy",Kent Lineback,"=""1578511402""","=""9781578511402""",0,3.87,Harvard Business Review Press,Hardcover,224,2000,2000,,2020/12/17,to-read,to-read (#226),to-read,,,,0,0
40603783,The Defining Decade: Why Your Twenties Matter—And How to Make the Most of Them Now,Meg Jay,"Jay, Meg",,"=""""","=""""",0,4.11,Twelve,Kindle Edition,273,2012,2012,,2020/12/17,to-read,to-read (#225),to-read,,,,0,0
16054830,The Future: Six Drivers of Global Change,Al Gore,"Gore, Al",,"=""0812992946""","=""9780812992946""",0,3.82,Random House,Hardcover,592,2013,2013,,2020/12/17,to-read,to-read (#224),to-read,,,,0,0
16071764,"Lean In: Women, Work, and the Will to Lead",Sheryl Sandberg,"Sandberg, Sheryl",Nell Scovell,"=""0385349947""","=""9780385349949""",0,3.95,Knopf,Hardcover,217,2013,2013,,2020/12/17,to-read,to-read (#223),to-read,,,,0,0
22085568,The Culture Map: Breaking Through the Invisible Boundaries of Global Business,Erin Meyer,"Meyer, Erin",,"=""""","=""""",0,4.33,PublicAffairs,Kindle Edition,290,2014,2014,,2020/12/17,to-read,to-read (#222),to-read,,,,0,0
15783514,The Ocean at the End of the Lane,Neil Gaiman,"Gaiman, Neil",,"=""0062255657""","=""9780062255655""",0,4.01,William Morrow Books,Hardcover,181,2013,2013,,2020/10/16,to-read,to-read (#221),to-read,,,,0,0
16158601,Turn the Ship Around!: A True Story of Turning Followers into Leaders,L. David Marquet,"Marquet, L. David",,"=""1591846404""","=""9781591846406""",0,4.23,Portfolio,Hardcover,272,2013,2013,,2020/10/15,to-read,to-read (#220),to-read,,,,0,0
13312360,Easy Strength,Dan John,"John, Dan","Dan John, Pavel Tsatsouline","=""""","=""""",0,4.26,,Kindle Edition,264,,2011,,2020/05/10,currently-reading,currently-reading (#2),currently-reading,,,,1,0
11236530,Convict Conditioning: How to Bust Free of All Weakness Using the lost Secrets of Supreme Survival Strength,Paul Wade,"Wade, Paul",,"=""""","=""""",0,4.18,,Kindle Edition,294,,2010,,2020/04/24,currently-reading,currently-reading (#1),currently-reading,,,,1,0
12158480,"Why Nations Fail: The Origins of Power, Prosperity, and Poverty",Daron Acemoğlu,"Acemoğlu, Daron",James A. Robinson,"=""0307719219""","=""9780307719218""",3,4.08,Crown Business,Hardcover,529,2012,2012,2020/03/29,2020/02/12,,,read,The core theory is inclusive policy and economy can generate sustainable growth nation wide. But maybe too many examples and some redundancy at emphasizing the Theory.,,,1,0
46114266,Successful Aging: A Neuroscientist Explores the Power and Potential of Our Lives,Daniel J. Levitin,"Levitin, Daniel J.",,"=""1524744182""","=""9781524744182""",4,3.92,Dutton Books,Hardcover,528,2020,2020,2020/02/24,2020/02/12,,,read,,,,1,0
3652866,The Implementation Of Functional Programming Languages,Simon L. Peyton Jones,"Jones, Simon L. Peyton",,"=""013453333X""","=""9780134533339""",0,4.06,Prentice Hall International,Hardcover,445,1987,1987,2020/02/12,2019/12/17,,,read,,,,1,0
43422738,Prepared: What Kids Need for a Fulfilled Life,Diane Tavenner,"Tavenner, Diane",,"=""1984826069""","=""9781984826060""",4,3.94,Currency,Hardcover,304,2019,2019,2020/01/06,2020/01/06,,,read,Learn to be Parent and help children to grow to adult!<br/>I’m sold on the way Submit School preparing students!,,,1,0
944652,Poor Charlie's Almanack: The Wit and Wisdom of Charles T. Munger,Charles T. Munger,"Munger, Charles T.",Peter E. Kaufman,"=""157864366X""","=""9781578643660""",4,4.43,Donning Company Publishers,Hardcover,512,2006,2005,2019/12/24,2018/11/20,,,read,"Went through the book fairly quick. Lots of content, references of books & people.<br/>Didn’t understand most of talks regarding business.<br/>But even just last chapter on human misjudgment is fantastic.",,,1,0
79853,Men to Match My Mountains: The Opening of the Far West 1840-1900,Irving Stone,"Stone, Irving",Lewis Gannett,"=""0785813470""","=""9780785813477""",0,4.11,Castle Books,Hardcover,459,2009,1956,,2019/12/25,to-read,to-read (#219),to-read,,,,0,0
11873059,Awareness: the Perils and Opportunities of Reality,Anthony de Mello,"Mello, Anthony de",,"=""""","=""""",5,4.30,Doubleday,Paperback,184,1992,1990,,2019/01/18,self,self (#6),read,,,,1,0
23692271,Sapiens: A Brief History of Humankind,Yuval Noah Harari,"Harari, Yuval Noah",,"=""""","=""""",5,4.38,Vintage,Paperback,512,2015,2011,2019/12/02,2018/06/25,,,read,Master piece! <br/>Lots of perspective from different point of views. The gist of Buddhism is awesome.,,,1,0
43852758,How To: Absurd Scientific Advice for Common Real-World Problems,Randall Munroe,"Munroe, Randall",,"=""0525537090""","=""9780525537090""",0,4.15,Riverhead Books,Hardcover,308,2019,2019,,2019/12/02,to-read,to-read (#218),to-read,,,,0,0
328854,Motherless Brooklyn,Jonathan Lethem,"Lethem, Jonathan",嚴韻,"=""0375724834""","=""9780375724831""",0,3.86,Vintage,Paperback,311,2000,1999,,2019/11/05,to-read,to-read (#217),to-read,,,,0,0
42449863,"The Book of Monads: Master the theory and practice of monads, applied to solve real world problems",Alejandro Serrano Mena,"Mena, Alejandro Serrano","Steven Syrek, Michael Snoyman","=""""","=""""",4,4.42,LC Press,Kindle Edition,394,2018,,2019/07/25,2019/07/12,,,read,,,,2,0
567610,How to Read a Book: The Classic Guide to Intelligent Reading,Mortimer J. Adler,"Adler, Mortimer J.","Charles Van Doren, Inês Fortes de Oliveira","=""""","=""""",4,3.98,"Simon & Schuster, Inc",Paperback,426,1972,1940,2019/10/02,2018/11/09,,,read,Wish I could learn more those techniques earlier when learning read.,,,1,0
92074,How to Live Longer and Feel Better,Linus Pauling,"Pauling, Linus",,"=""0870710966""","=""9780870710964""",3,4.17,Oregon State University Press,Paperback,338,2006,1986,2019/09/30,2019/02/02,self,self (#7),read,"Key take way is Vitamin supplement are VERY important even may not as important as author described (some of them are seem not approved even today like it could cure cold). But as it said how body works from molecules level, I’m pretty much convinced.",,,1,0
313605,Getting to Yes: Negotiating Agreement Without Giving In,Roger Fisher,"Fisher, Roger","William Ury, Bruce Patton","=""0140157352""","=""9780140157352""",0,3.94,Penguin Group,Paperback,224,1991,1981,,2019/09/07,to-read,to-read (#216),to-read,,,,0,0
18240286,"Faraday, Maxwell, and the Electromagnetic Field: How Two Men Revolutionized Physics",Nancy  Forbes,"Forbes, Nancy",Basil Mahon,"=""1616149426""","=""9781616149420""",0,4.26,Prometheus Books,Hardcover,320,2014,2014,,2019/09/07,to-read,to-read (#215),to-read,,,,0,0
587906,Deep Simplicity: Bringing Order to Chaos and Complexity,John Gribbin,"Gribbin, John",,"=""140006256X""","=""9781400062560""",0,3.95,Random House,Hardcover,279,2005,2004,,2019/09/07,to-read,to-read (#214),to-read,,,,0,0
13588356,"Daring Greatly: How the Courage to Be Vulnerable Transforms the Way We Live, Love, Parent, and Lead",Brené Brown,"Brown, Brené",,"=""1592407331""","=""9781592407330""",4,4.28,Avery,Hardcover,287,2012,2012,,2018/11/10,,,read,Just finished last chapter about parenting. Good reminder of engagement! Be sure understand Shame vs Guilt. Don’t think we or maybe just me got right understanding / education on it. The point is to love your own children no matter what and help them to grow to be a good person but not necessarily the one parents expected.<br/><br/>Feels like the whole book is about facing vulnerability and be brave & bold to enter arena! Not meant to fight with someone else but maybe yourself.,,,1,0
832825,A Concise History of Hong Kong (Critical Issues in History) (Critical Issues in World and International History),John Mark Carroll,"Carroll, John Mark",,"=""0742534227""","=""9780742534223""",0,4.19,Rowman & Littlefield Publishers,Paperback,288,2007,2007,,2019/08/05,to-read,to-read (#213),to-read,,,,0,0
38396,Einstein's Cosmos: How Albert Einstein's Vision Transformed Our Understanding of Space and Time,Michio Kaku,"Kaku, Michio",,"=""0393327000""","=""9780393327007""",0,4.24,W. W. Norton  Company,Paperback,272,2005,2004,,2019/07/31,to-read,to-read (#212),to-read,,,,0,0
51287,Incompleteness: The Proof and Paradox of Kurt Gödel (Great Discoveries),Rebecca Goldstein,"Goldstein, Rebecca",,"=""0393327604""","=""9780393327601""",0,3.99,W. W. Norton  Company,Paperback,224,2006,2005,,2019/07/31,to-read,to-read (#211),to-read,,,,0,0
8586536,Quantum Man: Richard Feynman's Life in Science,Lawrence M. Krauss,"Krauss, Lawrence M.",,"=""0393064719""","=""9780393064711""",0,4.07,W. W. Norton  Company,Hardcover,368,2011,2011,,2019/07/31,to-read,to-read (#210),to-read,,,,0,0
40696923,Blueprint: The Evolutionary Origins of a Good Society,Nicholas A. Christakis,"Christakis, Nicholas A.",,"=""0316230030""","=""9780316230032""",0,3.95,"Little, Brown Spark",Hardcover,544,2019,2019,,2019/07/25,to-read,to-read (#209),to-read,,,,0,0
35100,Battle Cry of Freedom,James M. McPherson,"McPherson, James M.",,"=""019516895X""","=""9780195168952""",0,4.37,"Oxford University Press, USA",Paperback,867,2003,1988,,2019/07/12,to-read,to-read (#208),to-read,,,,0,0
36204378,The Book of Why: The New Science of Cause and Effect,Judea Pearl,"Pearl, Judea",Dana Mackenzie,"=""046509760X""","=""9780465097609""",0,3.93,Basic Books,Hardcover,432,2018,2018,,2019/07/12,to-read,to-read (#207),to-read,,,,0,0
324750,High Output Management,Andrew S. Grove,"Grove, Andrew S.",,"=""0679762884""","=""9780679762881""",5,4.31,Vintage,Paperback,272,1995,1983,2019/07/03,2018/11/09,,,read,,,,2,0
28815,Influence: The Psychology of Persuasion,Robert B. Cialdini,"Cialdini, Robert B.",,"=""006124189X""","=""9780061241895""",0,4.20,Harper Business,Paperback,320,2006,1984,,2019/07/12,to-read,to-read (#206),to-read,,,,0,0
260286,The Pentagon: A History; The Untold Story of the Wartime Race to Build the Pentagon--And to Restore It Sixty Years Later,Steve  Vogel,"Vogel, Steve",,"=""1400063035""","=""9781400063031""",0,4.23,Random House (NY),Hardcover,626,2007,2007,,2019/07/09,to-read,to-read (#205),to-read,,,,0,0
17239305,High Performance Browser Networking,Ilya Grigorik,"Grigorik, Ilya",,"=""1449344763""","=""9781449344764""",5,4.52,O'Reilly Media,Paperback,404,2013,2013,2019/07/02,2019/06/14,,,read,Certainly good to read and reference book! The web site is very colorful and more appealing.<br/>Many low level concepts for TCP/UDP/HTTP !<br/>Skip the mobile part though,,,1,0
40121378,Atomic Habits: An Easy & Proven Way to Build Good Habits & Break Bad Ones,James Clear,"Clear, James",,"=""""","=""""",0,4.38,Avery,Kindle Edition,319,2018,2018,,2019/06/25,to-read,to-read (#204),to-read,,,,0,0
113934,The Goal: A Process of Ongoing Improvement,Eliyahu M. Goldratt,"Goldratt, Eliyahu M.",Jeff Cox,"=""0884271781""","=""9780884271789""",0,4.07,North River Press,Paperback,384,2004,1984,,2019/06/25,to-read,to-read (#203),to-read,,,,0,0
31450655,The Gardener and the Carpenter: What the New Science of Child Development Tells Us About the Relationship Between Parents and Children,Alison Gopnik,"Gopnik, Alison",,"=""1250132258""","=""9781250132253""",3,3.78,Picador,Paperback,320,2017,2016,2019/06/05,2019/06/15,,,read,Didn’t quite catch what are new science. The arguments about new tech are interesting and might lead unambiguous IMHO. (E.g. Shall we give iPad without controlling whatever they do?),,,1,0
43332956,"Outer Order, Inner Calm: Declutter & Organize to Make More Room for Happiness",Gretchen Rubin,"Rubin, Gretchen",,"=""1432863738""","=""9781432863739""",2,3.52,Thorndike Press Large Print,Hardcover,,2019,2019,2019/06/05,2019/06/04,,,read,Really many common sense and redundant information. Isn’t worth to be a book but blog post,,,1,0
34466963,Why We Sleep: Unlocking the Power of Sleep and Dreams,Matthew Walker,"Walker, Matthew",,"=""""","=""""",4,4.38,Scribner,Hardcover,368,2017,2017,2019/06/03,2019/04/25,,,read,,,,1,0
1111,The Power Broker: Robert Moses and the Fall of New York,Robert A. Caro,"Caro, Robert A.",,"=""0394720245""","=""9780394720241""",0,4.44,Vintage Books,Paperback,1246,1975,1974,,2019/05/29,to-read,to-read (#202),to-read,,,,0,0
21343,The Five Dysfunctions of a Team: A Leadership Fable,Patrick Lencioni,"Lencioni, Patrick",,"=""0787960756""","=""9780787960759""",0,4.09,Jossey-Bass,Hardcover,227,2002,2002,,2019/05/07,to-read,to-read (#201),to-read,,,,0,0
171127,The Little Book of Common Sense Investing: The Only Way to Guarantee Your Fair Share of Stock Market Returns,John C. Bogle,"Bogle, John C.",,"=""0470102101""","=""9780470102107""",3,4.16,John Wiley & Sons,Hardcover,216,2007,2007,2019/04/14,2019/01/18,finance,finance (#5),read,Basically Index Fund/passive investment wins forever in long run!,,,1,0
42118073,Trillion Dollar Coach: The Leadership Playbook of Silicon Valley's Bill Campbell,Eric Schmidt,"Schmidt, Eric","Jonathan Rosenberg, Alan Eagle","=""0062839268""","=""9780062839268""",4,3.99,Harper Business,Hardcover,240,2019,2019,2019/05/07,2019/04/25,,,read,Many are seems very personal to Bill himself but some general principles are superb.,,,1,0
35133922,Educated,Tara Westover,"Westover, Tara",,"=""""","=""""",4,4.47,Random House,Hardcover,352,2018,2018,2019/04/25,2018/12/03,,,read,,,,1,0
39286958,Measure What Matters,John E. Doerr,"Doerr, John E.",,"=""""","=""""",0,4.00,Penguin,Kindle Edition,320,2018,2017,,2019/04/10,to-read,to-read (#200),to-read,,,,0,0
10245602,Poor Economics: A Radical Rethinking of the Way to Fight Global Poverty,Abhijit V. Banerjee,"Banerjee, Abhijit V.",Esther Duflo,"=""1586487981""","=""9781586487980""",0,4.28,PublicAffairs,Hardcover,320,2011,2011,,2019/04/08,to-read,to-read (#199),to-read,,,,0,0
28251230,Let My People Go Surfing: The Education of a Reluctant Businessman--Including 10 More Years of Business Unusual,Yvon Chouinard,"Chouinard, Yvon",Naomi Klein,"=""0143109677""","=""9780143109679""",4,4.19,Penguin Books,Paperback,272,2016,2005,2019/03/23,2019/03/23,,,read,,,,2,0
35747076,Accelerate: Building and Scaling High Performing Technology Organizations,Nicole Forsgren,"Forsgren, Nicole","Jez Humble, Gene Kim","=""1942788339""","=""9781942788331""",4,4.08,It Revolution Press,Paperback,288,2018,,2019/03/22,2019/01/22,science-tech,science-tech (#15),read,Leadership could be at any roles.<br/>Build machine / processes to allow feature team to be self-service-able and move with speed but high quality.,,,1,0
123471,I Am a Strange Loop,Douglas R. Hofstadter,"Hofstadter, Douglas R.",,"=""0465030785""","=""9780465030781""",0,3.95,Basic Books (AZ),Hardcover,412,2007,2007,,2019/03/15,to-read,to-read (#198),to-read,,,,0,0
33517721,The Culture Code: The Secrets of Highly Successful Groups,Daniel Coyle,"Coyle, Daniel",,"=""0804176981""","=""9780804176989""",0,4.28,Bantam,Hardcover,304,2018,2017,,2019/03/11,to-read,to-read (#197),to-read,,,,0,0
36417234,Powerful: Building a Culture of Freedom and Responsibility,Patty McCord,"McCord, Patty",,"=""1939714095""","=""9781939714091""",0,4.08,Silicon Guild,Hardcover,228,2018,2018,,2019/03/11,to-read,to-read (#196),to-read,,,,0,0
3692097,On Complexity,Edgar Morin,"Morin, Edgar",Alfonso Montuori,"=""1572738014""","=""9781572738010""",0,4.19,Hampton Press,Paperback,127,2008,2008,,2019/03/07,to-read,to-read (#195),to-read,,,,0,0
3828902,Thinking in Systems: A Primer,Donella H. Meadows,"Meadows, Donella H.",Diana       Wright,"=""1603580557""","=""9781603580557""",0,4.22,Chelsea Green Publishing,Paperback,240,2008,2008,,2019/03/07,to-read,to-read (#194),to-read,,,,0,0
933231,Life is So Good,George Dawson,"Dawson, George",Richard Glaubman,"=""0141001682""","=""9780141001685""",0,4.19,Penguin Group,Paperback,260,2001,2000,,2019/03/05,"to-read, bio-history","to-read (#193), bio-history (#26)",to-read,,,,0,0
49266,How Full Is Your Bucket?,Tom Rath,"Rath, Tom",Donald O. Clifton,"=""1595620036""","=""9781595620033""",3,3.88,Gallup Press,Hardcover,160,2004,2004,2019/03/03,2019/01/18,business,business (#4),read,"Simple concept and sometimes it’s just not simple to practice.<br/>Both things of the equation, Positive and Negative, are important and need to play properly.<br/>It’s big reminder that how emotions impact physical health!!",,,1,0
40885164,Unshakeable: Your Financial Freedom Playbook,Anthony Robbins,"Robbins, Anthony",Tony Robbins,"=""""","=""""",4,4.07,Simon & Schuster,Kindle Edition,257,2017,2017,2019/03/02,2019/01/18,finance,finance (#3),read,,,,1,0
35108805,"A Higher Loyalty: Truth, Lies, and Leadership",James Comey,"Comey, James",,"=""1250192455""","=""9781250192455""",0,4.10,Flatiron Books,Hardcover,290,2018,2018,,2019/02/27,to-read,to-read (#192),to-read,,,,0,0
22609444,"Bold: How to Go Big, Create Wealth and Impact the World",Peter H. Diamandis,"Diamandis, Peter H.",Steven Kotler,"=""1476709564""","=""9781476709567""",0,3.98,Simon  Schuster,Hardcover,336,2015,2015,,2019/02/25,to-read,to-read (#191),to-read,,,,0,0
3120201,A Garden of Eden in Hell: The Life of Alice Herz-Sommer,Melissa Müller,"Müller, Melissa",Reinhard Piechocki,"=""0330451596""","=""9780330451598""",0,4.20,Pan Books (UK),Paperback,341,2008,2007,,2019/02/24,"to-read, bio-history","to-read (#190), bio-history (#25)",to-read,,,,0,0
32191710,Astrophysics for People in a Hurry,Neil deGrasse Tyson,"Tyson, Neil deGrasse",,"=""0393609391""","=""9780393609394""",5,4.09,W. W. Norton  Company,Hardcover,223,2017,2017,2019/02/23,2018/12/19,science-tech,science-tech (#1),read,Cosmic perspective and never be too humble!<br/>The small (elements) world are fabulous!!,,,1,0
23878688,The 5 Love Languages: The Secret to Love that Lasts,Gary Chapman,"Chapman, Gary",,"=""""","=""""",0,4.26,Northfield Publishing,Kindle Edition,232,2014,1990,,2019/02/21,"to-read, self","to-read (#189), self (#8)",to-read,,,,0,0
25622861,Platform Revolution: How Networked Markets Are Transforming the Economy--and How to Make Them Work for You,Geoffrey G. Parker,"Parker, Geoffrey G.","Marshall W. Van Alstyne, Sangeet Paul Choudary","=""0393249131""","=""9780393249132""",0,4.03,W. W. Norton  Company,Hardcover,352,2016,2016,,2019/02/21,"to-read, business","to-read (#188), business (#8)",to-read,,,,0,0
18222843,Stuff Matters: Exploring the Marvelous Materials That Shape Our Man-Made World,Mark Miodownik,"Miodownik, Mark",,"=""0544236041""","=""9780544236042""",0,4.10,Houghton Mifflin Harcourt,Hardcover,272,2014,2013,,2018/06/25,"to-read, science-tech","to-read (#5), science-tech (#18)",to-read,,,,0,0
18713389,Introduction to Graph Theory (Dover Books on Mathematics),Richard J. Trudeau,"Trudeau, Richard J.",,"=""0486318664""","=""9780486318660""",0,4.09,Dover Publications,Kindle Edition,224,2013,1994,,2019/02/18,"to-read, science-tech","to-read (#187), science-tech (#17)",to-read,,,,0,0
6603887,Masters of Doom: How Two Guys Created an Empire and Transformed Pop Culture,David Kushner,"Kushner, David",,"=""""","=""""",0,4.29,,Kindle Edition,368,,2003,,2019/02/18,"to-read, bio-history","to-read (#186), bio-history (#24)",to-read,,,,0,0
22829625,Thinking Functionally with Haskell,Richard S. Bird,"Bird, Richard S.",,"=""1107087201""","=""9781107087200""",3,4.02,Cambridge University Press,Hardcover,350,2014,2014,,2019/02/18,programming,programming (#28),read,,,,1,0
21166954,Compilers: Principles and Practice,Parag H. Dave,"Dave, Parag H.",Himanshu B. Dave,"=""""","=""""",0,4.33,Pearson Education India,Kindle Edition,536,2012,2012,,2019/02/18,"programming, to-read","programming (#27), to-read (#185)",to-read,,,,0,0
5546,The Feynman Lectures on Physics,Richard P. Feynman,"Feynman, Richard P.","Robert B. Leighton, Matthew L. Sands","=""0805390456""","=""9780805390452""",0,4.61,Addison Wesley,Hardcover,1552,2005,1964,,2019/02/18,"to-read, science-tech","to-read (#184), science-tech (#16)",to-read,,,,0,0
2276288,A Discipline of Programming,Edsger W. Dijkstra,"Dijkstra, Edsger W.",,"=""013215871X""","=""9780132158718""",0,4.25,Pearson,Paperback,240,1976,1976,,2019/02/18,"to-read, programming","to-read (#183), programming (#26)",to-read,,,,0,0
19104660,Conceptual Mathematics: A First Introduction to Categories,F. William Lawvere,"Lawvere, F. William",Stephen H. Schanuel,"=""""","=""9781139640633""",0,4.30,Cambridge University Press,Kindle Edition,410,2009,1997,,2019/02/18,"to-read, programming","to-read (#182), programming (#25)",to-read,,,,0,0
12247620,Godel's Proof,Ernest Nagel,"Nagel, Ernest","James Roy Newman, Douglas R. Hofstadter","=""""","=""""",0,4.18,,Kindle Edition,160,,1958,,2019/02/18,"to-read, programming","to-read (#181), programming (#24)",to-read,,,,0,0
3144461,A Method of Programming,Edsger W. Dijkstra,"Dijkstra, Edsger W.",W.H. Feijen,"=""0201175363""","=""9780201175363""",0,4.33,Addison Wesley Longman,Paperback,272,1988,1988,,2019/02/18,"to-read, programming","to-read (#180), programming (#23)",to-read,,,,0,0
7108725,Start with Why: How Great Leaders Inspire Everyone to Take Action,Simon Sinek,"Sinek, Simon",,"=""1591842808""","=""9781591842804""",0,4.10,Portfolio,Hardcover,256,2009,2009,,2019/02/18,"to-read, business","to-read (#179), business (#7)",to-read,,,,0,0
1639046,Programming: The Derivation Of Algorithms,A. Kaldewaij,"Kaldewaij, A.",,"=""0132041081""","=""9780132041089""",0,4.17,Prentice Hall,Paperback,,1990,1990,,2019/02/18,"to-read, programming","to-read (#178), programming (#22)",to-read,,,,0,0
106728,The Timeless Way of Building,Christopher W. Alexander,"Alexander, Christopher W.",,"=""0195024028""","=""9780195024029""",0,4.36,"Oxford University Press, USA",Hardcover,552,1979,1978,,2019/02/15,to-read,to-read (#177),to-read,,,,0,0
194769,To Mock a Mockingbird and Other Logic Puzzles,Raymond M. Smullyan,"Smullyan, Raymond M.",,"=""0192801422""","=""9780192801425""",0,4.17,"Oxford University Press, USA",Paperback,256,2000,1985,,2019/02/15,to-read,to-read (#176),to-read,,,,0,0
162780,What Is Life? with Mind and Matter and Autobiographical Sketches,Erwin Schrödinger,"Schrödinger, Erwin",Roger Penrose,"=""0521427088""","=""9780521427081""",0,4.14,Cambridge University Press,Paperback,184,1992,1944,,2019/02/15,"to-read, bio-history","to-read (#175), bio-history (#23)",to-read,,,,0,0
778205,"Arrows, Structures & Functors: The Categorical Imperative",Michael A. Arbib,"Arbib, Michael A.",,"=""0120590603""","=""9780120590605""",0,5.00,Academic Press,Hardcover,185,1975,1975,,2019/02/15,"to-read, programming","to-read (#174), programming (#21)",to-read,,,,0,0
1404132,Denotational Semantics: The Scott-Strachey Approach to Programming Language Theory,Joseph E. Stoy,"Stoy, Joseph E.",,"=""0262690764""","=""9780262690768""",0,3.57,MIT Press,Paperback,452,1981,1978,,2019/02/15,"to-read, programming","to-read (#173), programming (#20)",to-read,,,,0,0
1810837,Basic Category Theory for Computer Scientists,Benjamin C. Pierce,"Pierce, Benjamin C.",,"=""0262660717""","=""9780262660716""",0,3.56,MIT Press,Paperback,100,1991,1991,,2019/02/15,"to-read, programming","to-read (#172), programming (#19)",to-read,,,,0,0
2727190,Algebra of Programming,Richard S. Bird,"Bird, Richard S.",Oege de Moor,"=""013507245X""","=""9780135072455""",0,3.94,Prentice Hall,Paperback,295,1996,1996,,2019/02/15,"to-read, programming","to-read (#171), programming (#18)",to-read,,,,0,0
27276428,The Gene: An Intimate History,Siddhartha Mukherjee,"Mukherjee, Siddhartha",,"=""""","=""""",4,4.35,Scribner,Hardcover,592,2016,2016,2019/02/15,2018/06/25,,,read,,,,1,0
40652681,Keeping At It: The Quest for Sound Money and Good Government,Paul A. Volcker,"Volcker, Paul A.",Christine Harper,"=""1541788311""","=""9781541788312""",0,3.77,PublicAffairs,Hardcover,304,2018,2018,,2019/02/13,"to-read, business","to-read (#170), business (#6)",to-read,,,,0,0
174111,Halftime: Changing Your Game Plan from Success to Significance,Bob Buford,"Buford, Bob",,"=""0310257794""","=""9780310257790""",0,3.88,Zondervan Publishing Company,Paperback,272,2004,1995,,2019/02/06,"to-read, business","to-read (#169), business (#5)",to-read,,,,0,0
22318578,The Life-Changing Magic of Tidying Up: The Japanese Art of Decluttering and Organizing,Marie Kondō,"Kondō, Marie",Cathy Hirano,"=""1607747308""","=""9781607747307""",3,3.87,Ten Speed Press,Hardcover,213,2014,2010,2019/02/02,2019/01/13,,,read,,,,1,0
18114322,The Grapes of Wrath,John Steinbeck,"Steinbeck, John",Alfred Liebfeld,"=""067001690X""","=""9780670016907""",0,3.99,Viking,Hardcover,479,2014,1939,,2019/01/26,"to-read, fiction","to-read (#168), fiction (#9)",to-read,,,,0,0
106835,The Intelligent Investor,Benjamin Graham,"Graham, Benjamin","Jason Zweig, Warren Buffett","=""0060555661""","=""9780060555665""",0,4.25,Harper Business,Paperback,623,2006,1949,,2018/11/09,"to-read, finance","to-read (#57), finance (#6)",to-read,,,,0,0
35135772,Refactoring: Improving the Design of Existing Code,Martin Fowler,"Fowler, Martin",,"=""0134757599""","=""9780134757599""",2,4.25,Addison-Wesley Professional,Hardcover,448,2018,1999,2019/01/20,2019/01/12,,,read,Didn’t have too much update since 1st edition and many of tips seem too verbose/detailed.,,,1,0
51784,The Autobiography of Bertrand Russell,Bertrand Russell,"Russell, Bertrand",,"=""041522862X""","=""9780415228626""",0,4.07,Routledge,Paperback,749,2000,1951,,2019/01/18,"to-read, bio-history","to-read (#167), bio-history (#22)",to-read,,,,0,0
243685,A History of Western Philosophy,Bertrand Russell,"Russell, Bertrand",,"=""0671201581""","=""9780671201586""",0,4.12,Simon & Schuster,Paperback,906,1986,1945,,2019/01/18,"to-read, bio-history","to-read (#166), bio-history (#21)",to-read,,,,0,0
23014006,MONEY Master the Game: 7 Simple Steps to Financial Freedom,Anthony Robbins,"Robbins, Anthony",,"=""1476757801""","=""9781476757803""",0,3.97,Simon  Schuster,Hardcover,688,2014,2014,,2018/11/10,"to-read, finance","to-read (#74), finance (#4)",to-read,,,,0,0
2547,The Prophet,Kahlil Gibran,"Gibran, Kahlil",,"=""000100039X""","=""9780001000391""",0,4.23,Rupa & Co,Paperback,127,2010,1923,,2019/01/18,to-read,to-read (#165),to-read,,,,0,0
153765,Common Sense on Mutual Funds: New Imperatives for the Intelligent Investor,John C. Bogle,"Bogle, John C.",,"=""0471392286""","=""9780471392286""",0,4.10,John Wiley & Sons,Paperback,468,2000,1999,,2019/01/18,"finance, to-read","finance (#2), to-read (#164)",to-read,,,,0,0
20914691,The 5 Mistakes Every Investor Makes and How to Avoid Them: Getting Investing Right,Peter Mallouk,"Mallouk, Peter",,"=""1118929004""","=""9781118929001""",0,4.30,Wiley,Hardcover,188,2014,2014,,2019/01/18,"to-read, finance","to-read (#163), finance (#1)",to-read,,,,0,0
18077875,Essentialism: The Disciplined Pursuit of Less,Greg McKeown,"McKeown, Greg",,"=""0804137382""","=""9780804137386""",0,4.04,Crown Business,Hardcover,260,2014,2011,,2019/01/15,to-read,to-read (#162),to-read,,,,0,0
238758,"Zen Mind, Beginner's Mind: Informal Talks on Zen Meditation and Practice",Shunryu Suzuki,"Suzuki, Shunryu","Trudy Dixon, Huston Smith, Richard Baker","=""0834800527""","=""9780834800526""",3,4.20,"Weatherhill, Inc. (NYC)",Hardcover,144,1970,1970,2019/01/13,2018/12/08,,,read,,,,1,0
11650,"American Pastoral (The American Trilogy, #1)",Philip Roth,"Roth, Philip",,"=""""","=""""",0,3.93,Vintage,Paperback,432,1998,1997,,2019/01/13,"to-read, fiction","to-read (#161), fiction (#8)",to-read,,,,0,0
38398157,Blitzscaling: The Lightning-Fast Path to Building Massively Valuable Companies,Reid Hoffman,"Hoffman, Reid",Chris Yeh,"=""1524761419""","=""9781524761417""",0,3.96,Currency,Hardcover,336,2018,2018,,2019/01/09,"to-read, business","to-read (#160), business (#3)",to-read,,,,0,0
399136,Imagined Communities: Reflections on the Origin and Spread of Nationalism,Benedict Anderson,"Anderson, Benedict",,"=""0860915468""","=""9780860915461""",0,4.11,Verso/New Left Books Ltd.,Paperback,224,1991,1983,,2019/01/09,to-read,to-read (#159),to-read,,,,0,0
13167215,Get Some Headspace: How Mindfulness Can Change Your Life in Ten Minutes a Day,Andy Puddicombe,"Puddicombe, Andy",,"=""1250008409""","=""9781250008404""",0,4.03,St. Martin's Griffin,Paperback,224,2012,2011,,2018/12/03,to-read,to-read (#94),to-read,,,,0,0
669780,Season of Migration to the North,Tayeb Salih,"Salih, Tayeb","Denys Johnson-Davies, الطيب صالح","=""0435900668""","=""9780435900663""",0,3.71,Heinemann,Paperback,176,1970,1966,,2019/01/08,"to-read, fiction","to-read (#158), fiction (#7)",to-read,,,,0,0
61535,The Selfish Gene,Richard Dawkins,"Dawkins, Richard",,"=""0199291152""","=""9780199291151""",3,4.15,Oxford University Press,Paperback,360,2006,1976,2019/01/06,2018/06/25,,,read,,,,1,0
412836,Animal Farm,George Orwell,"Orwell, George","Russell Baker, C.M. Woodhouse","=""0812415078""","=""9780812415070""",4,3.98,Perfection Learning,Hardcover,139,2004,1945,2019/01/06,2018/12/29,,,read,,,,1,0
18693884,How Not to Be Wrong: The Power of Mathematical Thinking,Jordan Ellenberg,"Ellenberg, Jordan",,"=""1594205221""","=""9781594205224""",0,3.96,Penguin Press,Hardcover,480,2014,2014,,2019/01/03,"to-read, science-tech","to-read (#157), science-tech (#14)",to-read,,,,0,0
3228917,Outliers: The Story of Success,Malcolm Gladwell,"Gladwell, Malcolm",,"=""0316017922""","=""9780316017923""",0,4.19,"Little, Brown and Company",Hardcover,309,2008,2008,,2018/11/30,"to-read, business","to-read (#90), business (#2)",to-read,,,,0,0
51291,How to Lie with Statistics,Darrell Huff,"Huff, Darrell",Irving Geis,"=""0393310728""","=""9780393310726""",0,3.85,W. W. Norton & Company,Paperback,142,1982,1954,,2019/01/03,"to-read, science-tech","to-read (#156), science-tech (#13)",to-read,,,,0,0
4191136,Business Adventures,John Brooks,"Brooks, John",,"=""0575003499""","=""9780575003491""",0,3.82,Littlehampton Book Services Ltd,,408,,1969,,2019/01/03,"business, to-read","business (#1), to-read (#155)",to-read,,,,0,0
189531,The Man Who Fed the World: Nobel Peace Prize Laureate Norman Borlang and His Battle to End World Hunger,Leon Hesser,"Hesser, Leon",Jimmy Carter,"=""1930754906""","=""9781930754904""",0,3.83,Durban House Publishing,Hardcover,263,2006,2006,,2019/01/03,"to-read, bio-history","to-read (#154), bio-history (#20)",to-read,,,,0,0
17910054,The Sixth Extinction: An Unnatural History,Elizabeth Kolbert,"Kolbert, Elizabeth",,"=""0805092994""","=""9780805092998""",0,4.15,Henry Holt and Co. (Georg von Holtzbrinck),Hardcover,336,2014,2014,,2019/01/03,"to-read, science-tech","to-read (#153), science-tech (#12)",to-read,,,,0,0
8034188,Where Good Ideas Come from: The Natural History of Innovation,Steven Johnson,"Johnson, Steven",,"=""1594487715""","=""9781594487712""",0,4.00,Riverhead Books,Hardcover,326,2010,2010,,2019/01/03,"to-read, bio-history","to-read (#152), bio-history (#19)",to-read,,,,0,0
32275,River Out of Eden: A Darwinian View of Life,Richard Dawkins,"Dawkins, Richard",,"=""0465069908""","=""9780465069903""",3,3.98,HarperCollins Publishers,Paperback,172,1995,1995,,2018/11/14,,,read,,,,1,0
6342995,The Score Takes Care of Itself: My Philosophy of Leadership,Bill   Walsh,"Walsh, Bill","Steve Jamison, Craig Walsh","=""1591842662""","=""9781591842668""",0,4.23,Portfolio Hardcover,Hardcover,288,2009,2009,,2019/01/02,"to-read, bio-history","to-read (#151), bio-history (#18)",to-read,,,,0,0
2066511,Adaptation and Natural Selection: A Critique of Some Current Evolutionary Thought,George C. Williams,"Williams, George C.",,"=""0691023573""","=""9780691023571""",0,4.19,Princeton University Press,Paperback,320,1974,1966,,2019/01/01,"to-read, science-tech","to-read (#150), science-tech (#11)",to-read,,,,0,0
25587,The Second World War,Winston S. Churchill,"Churchill, Winston S.",John Keegan,"=""039541685X""","=""9780395416853""",0,4.48,Mariner Books,Paperback,4736,1986,1948,,2018/12/30,"to-read, bio-history","to-read (#149), bio-history (#17)",to-read,,,,0,0
10353369,"The Whole-Brain Child: 12 Revolutionary Strategies to Nurture Your Child's Developing Mind, Survive Everyday Parenting Struggles, and Help Your Family Thrive",Daniel J. Siegel,"Siegel, Daniel J.",Tina Payne Bryson,"=""0553807919""","=""9780553807912""",4,4.25,Delacorte Press,Hardcover,192,2011,2011,2018/12/29,2018/12/09,parent-child,parent-child (#1),read,,,,1,0
31374480,The Paper Zoo: 500 Years of Animals in Art,Charlotte Sleigh,"Sleigh, Charlotte",,"=""022644712X""","=""9780226447124""",0,4.28,University of Chicago Press,Hardcover,256,2017,,,2018/12/28,to-read,to-read (#148),to-read,,,,0,0
166997,Stoner,John  Williams,"Williams, John",John McGahern,"=""1590171993""","=""9781590171998""",0,4.32,New York Review Books,Paperback,288,2006,1965,,2018/12/28,"to-read, bio-history","to-read (#147), bio-history (#16)",to-read,,,,0,0
89231,Augustus,John  Williams,"Williams, John",,"=""1400076730""","=""9781400076734""",0,4.23,Vintage,Paperback,336,2004,1972,,2018/12/28,"to-read, bio-history","to-read (#146), bio-history (#15)",to-read,,,,0,0
16130,Alexander Hamilton,Ron Chernow,"Chernow, Ron",,"=""""","=""""",0,4.21,Penguin Books,Paperback,818,2005,2004,,2018/12/28,"to-read, bio-history","to-read (#145), bio-history (#14)",to-read,,,,0,0
6480781,Open,Andre Agassi,"Agassi, Andre","J.R. Moehringer, Андре Агаси","=""0307268195""","=""9780307268198""",0,4.28,Knopf,Hardcover,388,2009,2009,,2018/12/28,"to-read, bio-history","to-read (#144), bio-history (#13)",to-read,,,,0,0
929782,Martin Eden,Jack London,"London, Jack",Andrew Sinclair,"=""""","=""""",0,4.47,Penguin,Paperback,480,1994,1908,,2018/12/27,"to-read, fiction","to-read (#143), fiction (#6)",to-read,,,,0,0
39644220,Blueprint: How DNA Makes Us Who We Are,Robert Plomin,"Plomin, Robert",,"=""0262039168""","=""9780262039161""",4,3.98,MIT Press,Hardcover,280,2018,2018,2018/12/24,2018/12/18,,,read,DNA is just amazing. How comes such bio stuff?!<br/>Encourage self understanding!,,,1,0
40961427,1984,George Orwell,"Orwell, George",,"=""""","=""""",0,4.19,Houghton Mifflin Harcourt,Kindle Edition,298,2013,1949,,2018/12/24,"to-read, fiction","to-read (#142), fiction (#5)",to-read,,,,0,0
6732019,Rework,Jason Fried,"Fried, Jason",David Heinemeier Hansson,"=""0307463745""","=""9780307463746""",0,3.97,Crown Business,Hardcover,279,2010,2010,,2018/12/24,to-read,to-read (#141),to-read,,,,0,0
35743,The Tin Drum,Günter Grass,"Grass, Günter",Ralph Manheim,"=""0099483505""","=""9780099483502""",0,3.95,Vintage,Paperback,580,2005,1959,,2018/12/22,"to-read, fiction","to-read (#140), fiction (#4)",to-read,,,,0,0
2615,The Innovator's Dilemma: The Revolutionary Book that Will Change the Way You Do Business,Clayton M. Christensen,"Christensen, Clayton M.",L.J. Ganser,"=""0060521996""","=""9780060521998""",4,4.03,Harper Paperbacks,Paperback,286,2003,1997,,2018/11/09,,,read,,,,1,0
21856367,"The Innovators: How a Group of Hackers, Geniuses and Geeks Created the Digital Revolution",Walter Isaacson,"Isaacson, Walter",,"=""147670869X""","=""9781476708690""",3,4.10,Simon and Schuster,Hardcover,542,2014,2014,,2018/12/19,,,read,,,,1,0
8520610,Quiet: The Power of Introverts in a World That Can't Stop Talking,Susan Cain,"Cain, Susan",,"=""0307352145""","=""9780307352149""",4,4.07,"Crown Publishing Group/Random House, Inc.",Hardcover,333,2012,2012,,2018/12/19,self,self (#2),read,,,,1,0
4925654,Natural Inheritance,Francis Galton,"Galton, Francis",,"=""0404081290""","=""9780404081294""",0,3.75,AMS Press,Hardcover,259,,2009,,2018/12/20,to-read,to-read (#139),to-read,,,,0,0
185404,"The Autobiography of Charles Darwin, 1809–82",Charles Darwin,"Darwin, Charles","Francis Darwin, Nora Barlow, Knut Hagberg","=""0393310698""","=""9780393310696""",0,3.84,W.W. Norton & Company,Paperback,224,1993,1887,,2018/12/20,"to-read, bio-history","to-read (#138), bio-history (#12)",to-read,,,,0,0
66354,Flow: The Psychology of Optimal Experience,Mihaly Csikszentmihalyi,"Csikszentmihalyi, Mihaly",,"=""0060920432""","=""9780060920432""",0,4.10,Harper Perennial,Paperback,303,1990,1990,,2018/12/20,to-read,to-read (#137),to-read,,,,0,0
30659,Meditations,Marcus Aurelius,"Aurelius, Marcus","George Long, Diskin Clay, Martin Hammond, Duncan Steen, Edwin Ginn","=""0140449337""","=""9780140449334""",0,4.26,Penguin Books,Paperback,254,2006,180,,2018/12/20,"to-read, self","to-read (#136), self (#5)",to-read,,,,0,0
2248788,Changing Fortunes: The World's Money and the Threat to American Leadership,Paul A. Volcker,"Volcker, Paul A.",,"=""0812922182""","=""9780812922189""",0,3.87,Three Rivers Press,Paperback,416,1993,1992,,2018/12/20,to-read,to-read (#135),to-read,,,,0,0
15271086,The Inflationary Spiral: The Experience in China 1939-1950,Kia-Ngau Chang,"Chang, Kia-Ngau",,"=""0262030012""","=""9780262030014""",0,0.0,MIT Press (MA),Hardcover,412,,1958,,2018/12/20,to-read,to-read (#134),to-read,,,,0,0
35953819,Hit Refresh: The Quest to Rediscover Microsoft's Soul and Imagine a Better Future for Everyone,Satya Nadella,"Nadella, Satya","Greg Shaw, Jill Tracie Nichols","=""000824765X""","=""9780008247652""",3,3.79,HARPER COLLINS,Hardcover,288,2017,2017,,2018/12/20,,,read,,,,2,0
22522293,The Brain's Way of Healing: Remarkable Discoveries and Recoveries from the Frontiers of Neuroplasticity,Norman Doidge,"Doidge, Norman",,"=""067002550X""","=""9780670025503""",0,4.21,Viking,Hardcover,409,2015,2015,,2018/12/20,"to-read, science-tech","to-read (#133), science-tech (#10)",to-read,,,,0,0
31670196,"Scale: The Universal Laws of Growth, Innovation, Sustainability, and the Pace of Life in Organisms, Cities, Economies, and Companies",Geoffrey B. West,"West, Geoffrey B.",,"=""1594205582""","=""9781594205583""",0,4.13,Penguin Press,Hardcover,481,2017,2017,,2018/12/19,"to-read, science-tech","to-read (#132), science-tech (#9)",to-read,,,,0,0
18770267,Make It Stick: The Science of Successful Learning,Peter C. Brown,"Brown, Peter C.","Henry L. Roediger III, Mark A. McDaniel","=""0674729013""","=""9780674729018""",0,4.17,Belknap Press,Hardcover,313,2014,2014,,2018/12/19,"to-read, self","to-read (#131), self (#4)",to-read,,,,0,0
10099327,The Great Sea: A Human History of the Mediterranean,David Abulafia,"Abulafia, David",,"=""0713999349""","=""9780713999341""",0,3.96,Allen Lane,Hardcover,783,2011,2011,,2018/12/19,"to-read, bio-history","to-read (#130), bio-history (#11)",to-read,,,,0,0
7008656,High Performance JavaScript,Nicholas C. Zakas,"Zakas, Nicholas C.",,"=""059680279X""","=""9780596802790""",4,4.10,Yahoo Press,Paperback,242,2010,2010,2015/02/01,2018/12/02,,,read,,,,1,0
11084145,Steve Jobs,Walter Isaacson,"Isaacson, Walter",,"=""1451648537""","=""9781451648539""",0,4.16,Simon & Schuster,Hardcover,630,2011,2011,,2018/06/25,"to-read, bio-history","to-read (#1), bio-history (#10)",to-read,,,,0,0
13426082,How Will You Measure Your Life?,Clayton M. Christensen,"Christensen, Clayton M.","James Allworth, Karen Dillon","=""0062102419""","=""9780062102416""",0,4.06,Harper Business,Hardcover,221,2012,2012,,2018/11/10,"to-read, self","to-read (#76), self (#3)",to-read,,,,0,0
17262134,Jim Henson: The Biography,Brian Jay Jones,"Jones, Brian Jay",,"=""0345526112""","=""9780345526113""",0,3.97,Ballantine Books,Hardcover,585,2013,2013,,2018/12/19,"to-read, bio-history","to-read (#129), bio-history (#9)",to-read,,,,0,0
22875118,Brain Maker: The Power of Gut Microbes to Heal and Protect Your Brain for Life,David Perlmutter,"Perlmutter, David",Kristin Loberg,"=""0316380105""","=""9780316380102""",0,4.00,"Little, Brown Spark",Hardcover,320,2015,2015,,2018/12/19,"to-read, science-tech","to-read (#128), science-tech (#8)",to-read,,,,0,0
23014804,"Beneath the Surface: Killer Whales, SeaWorld, and the Truth Beyond Blackfish",John Hargrove,"Hargrove, John",Howard Chua-Eoan,"=""1137280107""","=""9781137280107""",0,4.15,St. Martin's Press,Hardcover,264,2015,2015,,2018/12/19,"to-read, science-tech","to-read (#127), science-tech (#7)",to-read,,,,0,0
22889768,"The Quartet: Orchestrating the Second American Revolution, 1783-1789",Joseph J. Ellis,"Ellis, Joseph J.",,"=""0385353405""","=""9780385353403""",0,4.13,Knopf,Hardcover,320,2015,2015,,2018/12/19,"to-read, bio-history","to-read (#126), bio-history (#8)",to-read,,,,0,0
22609391,The Wright Brothers,David McCullough,"McCullough, David",,"=""""","=""""",5,4.15,Simon & Schuster,Hardcover,320,2015,2015,,2018/06/25,bio-history,bio-history (#7),read,,,,1,0
26200563,Hamilton: The Revolution,Lin-Manuel Miranda,"Miranda, Lin-Manuel",Jeremy McCarter,"=""1455539740""","=""9781455539741""",0,4.45,Grand Central Publishing,Hardcover,285,2016,2015,,2018/12/19,to-read,to-read (#125),to-read,,,,0,0
27220736,Shoe Dog: A Memoir by the Creator of Nike,Phil Knight,"Knight, Phil",,"=""1501135910""","=""9781501135910""",0,4.47,Scribner,Hardcover,400,2016,2016,,2018/11/10,"to-read, bio-history","to-read (#79), bio-history (#6)",to-read,,,,0,0
26530322,Are We Smart Enough to Know How Smart Animals Are?,Frans de Waal,"Waal, Frans de",,"=""0393246183""","=""9780393246186""",0,3.95,W. W. Norton  Company,Hardcover,340,2016,2016,,2018/12/19,"science-tech, to-read","science-tech (#3), to-read (#124)",to-read,,,,0,0
30334134,The Undoing Project: A Friendship That Changed Our Minds,Michael   Lewis,"Lewis, Michael",,"=""0393254593""","=""9780393254594""",0,3.98,W. W. Norton & Company,Hardcover,362,2016,2016,,2018/12/19,"bio-history, to-read","bio-history (#3), to-read (#123)",to-read,,,,0,0
39507318,The Library Book,Susan Orlean,"Orlean, Susan",,"=""1476740186""","=""9781476740188""",0,3.90,Simon & Schuster,Hardcover,317,2018,2018,,2018/12/17,"to-read, bio-history","to-read (#111), bio-history (#5)",to-read,,,,0,0
38820046,21 Lessons for the 21st Century,Yuval Noah Harari,"Harari, Yuval Noah",,"=""0525512179""","=""9780525512172""",0,4.18,Random House,Hardcover,372,2018,2018,,2018/12/06,"to-read, bio-history","to-read (#100), bio-history (#4)",to-read,,,,0,0
25938481,The Genius of Birds,Jennifer Ackerman,"Ackerman, Jennifer",,"=""1594205213""","=""9781594205217""",0,4.03,Penguin Press,Hardcover,352,2016,2016,,2018/12/19,"science-tech, to-read","science-tech (#4), to-read (#122)",to-read,,,,0,0
25329850,Thing Explainer: Complicated Stuff in Simple Words,Randall Munroe,"Munroe, Randall",,"=""0544668251""","=""9780544668256""",0,4.14,Mariner Books,Hardcover,64,2015,2015,,2018/12/19,"science-tech, to-read","science-tech (#5), to-read (#121)",to-read,,,,0,0
25666050,Algorithms to Live By: The Computer Science of Human Decisions,Brian Christian,"Christian, Brian",Tom  Griffiths,"=""1627790365""","=""9781627790369""",0,4.13,Henry Holt and Co.,Hardcover,368,2016,2016,,2018/11/09,"to-read, science-tech","to-read (#67), science-tech (#6)",to-read,,,,0,0
30257963,12 Rules for Life: An Antidote to Chaos,Jordan B. Peterson,"Peterson, Jordan B.","Norman Doidge, Ethan Van Sciver","=""0345816021""","=""9780345816023""",0,3.94,Random House Canada,Hardcover,409,2018,2018,,2018/12/06,"to-read, self","to-read (#101), self (#1)",to-read,,,,0,0
35696171,"Enlightenment Now: The Case for Reason, Science, Humanism, and Progress",Steven Pinker,"Pinker, Steven",,"=""0525427570""","=""9780525427575""",0,4.21,Viking,Hardcover,576,2018,2018,,2018/06/25,"to-read, science-tech","to-read (#10), science-tech (#2)",to-read,,,,0,0
31202835,How to Be a Bawse: A Guide to Conquering Life,Lilly Singh,"Singh, Lilly",,"=""0425286460""","=""9780425286463""",0,3.94,Ballantine Books,Hardcover,315,2017,2017,,2018/12/19,to-read,to-read (#120),to-read,,,,0,0
34684622,Leonardo da Vinci,Walter Isaacson,"Isaacson, Walter",,"=""1501139150""","=""9781501139154""",0,4.19,Simon & Schuster,Hardcover,600,2017,2017,,2018/06/25,"to-read, bio-history","to-read (#6), bio-history (#2)",to-read,,,,0,0
36391536,"She Has Her Mother's Laugh: The Powers, Perversions, and Potential of Heredity",Carl Zimmer,"Zimmer, Carl",,"=""1101984597""","=""9781101984598""",0,4.17,Dutton,Hardcover,657,2018,2018,,2018/12/19,to-read,to-read (#119),to-read,,,,0,0
18144590,The Alchemist,Paulo Coelho,"Coelho, Paulo","Alan R. Clarke, James Noel Smith","=""0062315005""","=""9780062315007""",3,3.90,HarperOne,Paperback,175,2014,1988,,2018/10/31,fiction,fiction (#3),read,,,,1,0
30519338,No-Drama Discipline: The Whole-Brain Way to Calm the Chaos and Nurture Your Child's Developing Mind,Daniel J. Siegel,"Siegel, Daniel J.",Tina Payne Bryson,"=""034554806X""","=""9780345548061""",4,4.26,Bantam,Paperback,288,2016,2014,2018/12/15,2018/12/06,parent-child,parent-child (#5),read,"Discipline is about teaching!<br/>Although there isn’t no one-size-for-all rule, I think empathy/compassion/love is and others are all strategies.<br/>If I had made so many mistakes during work, I got died million of times.",,,1,0
106744,Hold On to Your Kids: Why Parents Need to Matter More Than Peers,Gordon Neufeld,"Neufeld, Gordon",Gabor Maté,"=""0375760288""","=""9780375760280""",5,4.23,Ballantine Books,Paperback,352,2006,2004,,2018/06/25,parent-child,parent-child (#4),read,,,,1,0
769016,How to Talk So Kids Will Listen & Listen So Kids Will Talk,Adele Faber,"Faber, Adele","Elaine Mazlish, Kimberly Ann Coe","=""0380811960""","=""9780380811960""",5,4.27,Collins Living,Paperback,286,1999,1996,,2018/06/25,parent-child,parent-child (#3),read,,,,1,0
276433,The Magic Years: Understanding & Handling the Problems of Early Childhood,Selma H. Fraiberg,"Fraiberg, Selma H.",T. Berry Brazelton,"=""0684825503""","=""9780684825502""",4,4.09,Charles Scribner's Sons (NY),Paperback,320,1996,1959,,2018/06/25,parent-child,parent-child (#2),read,,,,1,0
38470102,Churchill: Walking with Destiny,Andrew Roberts,"Roberts, Andrew",,"=""0241205638""","=""9780241205631""",0,4.30,Allen Lane,Hardcover,1105,2018,2018,,2018/12/19,"to-read, bio-history","to-read (#118), bio-history (#1)",to-read,,,,0,0
12918295,The Social Conquest of Earth,Edward O. Wilson,"Wilson, Edward O.",,"=""0871404133""","=""9780871404138""",0,4.01,Liveright,Hardcover,352,2012,2012,,2018/12/19,to-read,to-read (#117),to-read,,,,0,0
62555,On Human Nature,Edward O. Wilson,"Wilson, Edward O.",,"=""0674016386""","=""9780674016385""",0,4.15,Harvard University Press ,Paperback,288,2004,1978,,2018/12/19,to-read,to-read (#116),to-read,,,,0,0
20696006,Being Mortal: Medicine and What Matters in the End,Atul Gawande,"Gawande, Atul",,"=""0805095152""","=""9780805095159""",0,4.47,Metropolitan Books,Hardcover,282,2014,2014,,2018/12/19,to-read,to-read (#115),to-read,,,,0,0
1195268,Shark's Fin and Sichuan Pepper: A Sweet-Sour Memoir of Eating in China,Fuchsia Dunlop,"Dunlop, Fuchsia",,"=""0091918308""","=""9780091918309""",0,4.08,,Hardcover,320,2008,2008,,2018/12/19,to-read,to-read (#114),to-read,,,,0,0
86524,The Path to Power,Robert A. Caro,"Caro, Robert A.",,"=""0679729453""","=""9780679729457""",0,4.36,Vintage,Paperback,882,1990,1982,,2018/12/19,to-read,to-read (#113),to-read,,,,0,0
7170627,The Emperor of All Maladies: A Biography of Cancer,Siddhartha Mukherjee,"Mukherjee, Siddhartha",,"=""""","=""""",0,4.32,Scribner,Hardcover,571,2010,2010,,2018/12/18,to-read,to-read (#112),to-read,,,,0,0
1672320,The Meaning of It All: Thoughts of a Citizen-Scientist,Richard P. Feynman,"Feynman, Richard P.",,"=""0738201669""","=""9780738201665""",3,4.01,Perseus Books,Paperback,144,1999,1998,2018/12/18,2018/12/08,,,read,Deeper and critical thinking!<br/>I’m not necessarily understanding many actually given the speaking language.,,,1,0
7141296,Drive: The Surprising Truth About What Motivates Us,Daniel H. Pink,"Pink, Daniel H.",,"=""0143145088""","=""9780143145080""",0,3.95,Penguin Audio,Audio CD,6,2010,2009,,2018/12/08,to-read,to-read (#110),to-read,,,,0,0
7493,Founding Brothers: The Revolutionary Generation,Joseph J. Ellis,"Ellis, Joseph J.",,"=""0375705244""","=""9780375705243""",0,3.94,Vintage Books,Paperback,288,2002,2000,,2018/12/08,to-read,to-read (#109),to-read,,,,0,0
3619054,American Creation: Triumphs and Tragedies in the Founding of the Republic,Joseph J. Ellis,"Ellis, Joseph J.",,"=""0739495097""","=""9780739495094""",0,3.97,Alfred A. Knopf,Paperback,283,2007,2007,,2018/12/08,to-read,to-read (#108),to-read,,,,0,0
36687335,"Behind the Beautiful Forevers: Life, Death, and Hope in a Mumbai Undercity",Katherine Boo,"Boo, Katherine",,"=""""","=""""",0,3.98,Random House,Kindle Edition,290,2012,2012,,2018/12/08,to-read,to-read (#107),to-read,,,,0,0
93504,The Omnivore's Dilemma: A Natural History of Four Meals,Michael Pollan,"Pollan, Michael",,"=""0143038583""","=""""",0,4.18,Penguin Books,Paperback,450,2007,2006,,2018/12/06,to-read,to-read (#106),to-read,,,,0,0
36710811,"How to Change Your Mind: What the New Science of Psychedelics Teaches Us about Consciousness, Dying, Addiction, Depression, and Transcendence",Michael Pollan,"Pollan, Michael",,"=""1594204225""","=""9781594204227""",0,4.26,Penguin Press,Hardcover,465,2018,2018,,2018/12/06,to-read,to-read (#105),to-read,,,,0,0
35820369,The Rise and Fall of the Dinosaurs: A New History of a Lost World,Stephen Brusatte,"Brusatte, Stephen",,"=""0062490427""","=""9780062490421""",0,4.18,William Morrow,Hardcover,404,2018,2018,,2018/12/06,to-read,to-read (#104),to-read,,,,0,0
36204285,Origin Story: A Big History of Everything,David Christian,"Christian, David",,"=""0316392006""","=""9780316392006""",0,4.06,"Little, Brown Spark",Hardcover,357,2018,2018,,2018/12/06,to-read,to-read (#103),to-read,,,,0,0
38656999,The Good Neighbor: The Life and Work of Fred Rogers,Maxwell King,"King, Maxwell",,"=""1419727729""","=""9781419727726""",0,3.97,Harry N. Abrams,Hardcover,416,2018,2018,,2018/12/06,to-read,to-read (#102),to-read,,,,0,0
34536488,Principles: Life and Work,Ray Dalio,"Dalio, Ray",Jeremy Bobb,"=""1508243247""","=""9781508243243""",4,4.12,Simon  Schuster Audio,Audio CD,592,2017,2017,2018/12/06,2018/06/25,,,read,An idea meritocracy wins almost all the time!<br/>Excellent people and community.<br/>Reflection!<br/>Deep thinking!<br/>High level picture!,,,1,0
4806,Longitude: The True Story of a Lone Genius Who Solved the Greatest Scientific Problem of His Time,Dava Sobel,"Sobel, Dava",Neil Armstrong,"=""0802714625""","=""9780802714626""",0,3.97,Walker Books,Hardcover,184,2005,1995,,2018/12/06,to-read,to-read (#99),to-read,,,,0,0
13470,Think on These Things,J. Krishnamurti,"Krishnamurti, J.",D. Rajagopal,"=""0060916095""","=""9780060916091""",0,4.21,HarperOne,Paperback,258,1989,1964,,2018/12/04,to-read,to-read (#98),to-read,,,,0,0
88432,Life and Fate,Vasily Grossman,"Grossman, Vasily",Robert Chandler,"=""0099506165""","=""9780099506164""",0,4.43,Vintage Classics,Paperback,864,2006,1960,,2018/12/04,to-read,to-read (#97),to-read,,,,0,0
317330,The Strategy of Conflict,Thomas C. Schelling,"Schelling, Thomas C.",,"=""0674840313""","=""9780674840317""",0,4.01,Harvard University Press,Paperback,328,1981,1960,,2018/12/04,to-read,to-read (#96),to-read,,,,0,0
35631386,The Undoing Project: A Friendship That Changed Our Minds,Michael   Lewis,"Lewis, Michael",,"=""0393354776""","=""9780393354775""",0,3.98,W. W. Norton  Company,Paperback,368,2017,2016,,2018/12/04,to-read,to-read (#95),to-read,,,,0,0
27414493,The Headspace Guide to Meditation & Mindfulness,Andy Puddicombe,"Puddicombe, Andy",,"=""1250104904""","=""9781250104908""",0,4.03,St. Martin's Griffin,Paperback,224,2016,2011,,2018/12/03,to-read,to-read (#93),to-read,,,,0,0
37976541,Bad Blood: Secrets and Lies in a Silicon Valley Startup,John Carreyrou,"Carreyrou, John",,"=""""","=""""",0,4.41,Knopf Publishing Group,Hardcover,339,2018,2018,,2018/12/03,to-read,to-read (#92),to-read,,,,0,0
6176,The Drowned and the Saved,Primo Levi,"Levi, Primo",,"=""0349100470""","=""9780349100470""",0,4.44,Abacus,Paperback,170,1989,1986,,2018/12/03,to-read,to-read (#91),to-read,,,,0,0
76865,Good to Great: Why Some Companies Make the Leap... and Others Don't,James C. Collins,"Collins, James C.",,"=""0066620996""","=""9780066620992""",0,4.13,Harper Business,Hardcover,300,2001,2001,,2018/11/30,to-read,to-read (#89),to-read,,,,0,0
4671,The Great Gatsby,F. Scott Fitzgerald,"Fitzgerald, F. Scott",,"=""""","=""""",0,3.93,Scribner,Paperback,180,2004,1925,,2018/11/30,to-read,to-read (#88),to-read,,,,0,0
815716,The 21 Irrefutable Laws of Leadership: Follow Them and People Will Follow You,John C. Maxwell,"Maxwell, John C.",Zig Ziglar,"=""0785274316""","=""9780785274315""",0,4.14,Thomas Nelson,Hardcover,256,1998,1998,,2018/11/26,to-read,to-read (#87),to-read,,,,0,0
218392,Prime Obsession: Bernhard Riemann and the Greatest Unsolved Problem in Mathematics,John Derbyshire,"Derbyshire, John",,"=""0452285259""","=""9780452285255""",0,4.13,Plume,Paperback,422,2004,2003,,2018/11/23,to-read,to-read (#86),to-read,,,,0,0
588138,The Hero With a Thousand Faces,Joseph Campbell,"Campbell, Joseph",,"=""0691017840""","=""9780691017846""",0,4.14,Princeton University Press,Paperback,416,1972,1949,,2018/11/14,to-read,to-read (#85),to-read,,,,0,0
23281639,"The Upside of Stress: Why Stress Is Good for You, and How to Get Good at It",Kelly McGonigal,"McGonigal, Kelly",พรรณี ชูจิรวงศ์,"=""1583335617""","=""9781583335611""",0,4.06,Avery,Hardcover,294,2015,2012,,2018/11/13,to-read,to-read (#84),to-read,,,,0,0
10865206,"The Willpower Instinct: How Self-Control Works, Why It Matters, and What You Can Do to Get More of It",Kelly McGonigal,"McGonigal, Kelly",,"=""1583334386""","=""9781583334386""",0,4.13,Avery,Hardcover,275,2011,2011,,2018/11/13,to-read,to-read (#83),to-read,,,,0,0
77203,The Kite Runner,Khaled Hosseini,"Hosseini, Khaled",,"=""""","=""""",0,4.33,Riverhead Books,Paperback,371,2004,2003,,2018/11/11,to-read,to-read (#82),to-read,,,,0,0
25852784,Evicted: Poverty and Profit in the American City,Matthew Desmond,"Desmond, Matthew",,"=""0553447432""","=""9780553447439""",0,4.47,Crown Publishers,Hardcover,418,2016,2016,,2018/11/11,to-read,to-read (#81),to-read,,,,0,0
81939,The mastery of love,Miguel Ruiz,"Ruiz, Miguel",,"=""1878424440""","=""9781878424440""",0,4.26,Amber-Allen Publishing,Hardcover,240,2002,1999,,2018/11/10,to-read,to-read (#80),to-read,,,,0,0
905,The Inner Game of Tennis: The Classic Guide to the Mental Side of Peak Performance,W. Timothy Gallwey,"Gallwey, W. Timothy","Zach Kleinman, Pete Carroll","=""0679778314""","=""9780679778318""",0,4.18,Random House Trade Paperbacks,Paperback,134,1997,1974,,2018/11/10,to-read,to-read (#78),to-read,,,,0,0
1217018,Hilbert,Constance Bowman Reid,"Reid, Constance Bowman",,"=""0387946748""","=""9780387946740""",0,4.26,Springer,Paperback,272,1996,1970,,2018/11/10,to-read,to-read (#77),to-read,,,,0,0
3450744,"Nudge: Improving Decisions About Health, Wealth, and Happiness",Richard H. Thaler,"Thaler, Richard H.",Cass R. Sunstein,"=""014311526X""","=""9780143115267""",0,3.84,Penguin Books,Paperback,260,2009,2008,,2018/11/10,to-read,to-read (#75),to-read,,,,0,0
7823407,The Checklist Manifesto: How to Get Things Right,Atul Gawande,"Gawande, Atul",,"=""0312430000""","=""9780312430009""",0,4.03,Picador,Paperback,215,2011,2009,,2018/11/10,to-read,to-read (#73),to-read,,,,0,0
2477223,Managing Oneself,Peter F. Drucker,"Drucker, Peter F.",,"=""142212312X""","=""9781422123126""",0,3.98,Harvard Business Review Press,Paperback,72,2008,2007,,2018/11/10,to-read,to-read (#72),to-read,,,,0,0
27774624,Boss Life: Surviving My Own Small Business,Paul Downs,"Downs, Paul",,"=""0399185291""","=""9780399185298""",0,4.21,Blue Rider Press,Paperback,352,2016,2015,,2018/11/10,to-read,to-read (#71),to-read,,,,0,0
475,Collapse: How Societies Choose to Fail or Succeed,Jared Diamond,"Diamond, Jared",,"=""0143036556""","=""9780143036555""",0,3.93,Penguin Books Ltd. (London),Paperback,608,2005,2004,,2018/11/10,to-read,to-read (#70),to-read,,,,0,0
1842,"Guns, Germs, and Steel: The Fates of Human Societies",Jared Diamond,"Diamond, Jared","Tatjana Bižić, Gordana Vučićević","=""0739467352""","=""9780739467350""",0,4.04,W.W. Norton & Company,Paperback,498,2005,1997,,2018/11/10,to-read,to-read (#69),to-read,,,,0,0
2372,"The Path Between the Seas: The Creation of the Panama Canal, 1870-1914",David McCullough,"McCullough, David",,"=""0743262131""","=""9780743262132""",0,4.21,Simon  Schuster,Hardcover,698,2004,1977,,2018/11/09,to-read,to-read (#68),to-read,,,,0,0
181206,The 80/20 Principle: The Secret to Achieving More with Less,Richard Koch,"Koch, Richard",,"=""0385491743""","=""9780385491747""",0,4.00,Crown Business,Paperback,288,1999,1997,,2018/11/09,to-read,to-read (#66),to-read,,,,0,0
36072,The 7 Habits of Highly Effective People: Powerful Lessons in Personal Change,Stephen R. Covey,"Covey, Stephen R.",Jim Collins,"=""0743269519""","=""9780743269513""",0,4.15,Free Press,Paperback,372,2004,1988,,2018/11/09,to-read,to-read (#65),to-read,,,,0,0
10127019,The Lean Startup: How Today's Entrepreneurs Use Continuous Innovation to Create Radically Successful Businesses,Eric Ries,"Ries, Eric",,"=""0307887898""","=""9780307887894""",0,4.11,Currency,Hardcover,299,2011,2011,,2018/11/09,to-read,to-read (#64),to-read,,,,0,0
41021501,Small Great Things,Jodi Picoult,"Picoult, Jodi",,"=""""","=""""",0,4.35,Ballantine Books,Kindle Edition,510,2016,2016,,2018/11/09,to-read,to-read (#63),to-read,,,,0,0
1713426,Predictably Irrational: The Hidden Forces That Shape Our Decisions,Dan Ariely,"Ariely, Dan",,"=""""","=""""",0,4.12,HarperCollins Canada ,Hardcover,247,2008,2008,,2018/11/09,to-read,to-read (#62),to-read,,,,0,0
13543093,The Better Angels of Our Nature: Why Violence Has Declined,Steven Pinker,"Pinker, Steven",,"=""0143122010""","=""9780143122012""",0,4.16,Penguin Books,Paperback,806,2012,2010,,2018/11/09,to-read,to-read (#61),to-read,,,,0,0
92057,The Autobiography of Malcolm X,Malcolm X,"X, Malcolm",Alex Haley,"=""""","=""""",0,4.34,Ballantine Books,Mass Market Paperback,527,2015,1965,,2018/11/09,to-read,to-read (#60),to-read,,,,0,0
2657,To Kill a Mockingbird,Harper Lee,"Lee, Harper",,"=""""","=""""",0,4.27,Harper Perennial Modern Classics ,Paperback,336,2006,1960,,2018/11/09,to-read,to-read (#59),to-read,,,,0,0
30753738,The Choice: Embrace the Possible,Edith Eger,"Eger, Edith","Esmé Schwall Weigand, Philip G. Zimbardo, Edith Eva Eger","=""1501130781""","=""9781501130786""",0,4.58,Scribner,Hardcover,289,2017,2017,,2018/11/09,to-read,to-read (#58),to-read,,,,0,0
180133,Science of Being and Art of Living: Transcendental Meditation,Maharishi Mahesh Yogi,"Yogi, Maharishi Mahesh",Bevan Morris,"=""0452282667""","=""9780452282667""",0,3.97,Plume,Paperback,432,2001,1963,,2018/11/09,to-read,to-read (#56),to-read,,,,0,0
25622873,Data and Goliath: The Hidden Battles to Collect Your Data and Control Your World,Bruce Schneier,"Schneier, Bruce",,"=""039335217X""","=""9780393352177""",0,4.01,W. W. Norton  Company,Paperback,427,2016,2015,,2018/11/09,to-read,to-read (#55),to-read,,,,0,0
48019,The Effective Executive: The Definitive Guide to Getting the Right Things Done,Peter F. Drucker,"Drucker, Peter F.",,"=""0060833459""","=""9780060833459""",0,4.07,Harper Business,Paperback,208,2006,1966,,2018/11/09,to-read,to-read (#54),to-read,,,,0,0
48016,The Essential Drucker,Peter F. Drucker,"Drucker, Peter F.",,"=""006093574X""","=""9780060935740""",0,4.08,ReganBooks,Paperback,368,2003,2000,,2018/11/09,to-read,to-read (#53),to-read,,,,0,0
8308501,HBR's 10 Must Reads on Managing Yourself (HBR's 10 Must Reads),Harvard Business Review,"Review, Harvard Business","Daniel Goleman, Richard E. Boyatzis, Annie McKee, Diane L. Coutu, Edward M. Hallowell, Heike Bruch, Sumantra Ghoshal, Peter F. Drucker, Robert E. Quinn, Robert S. Kaplan, Stewart D. Friedman, Tony Schwartz, Catherine McCarthy, William Oncklen, Jr., Donald L. Wass, Clayton M. Christensen","=""1422157997""","=""9781422157992""",0,3.94,Harvard Business Review Press,Paperback,208,2011,2010,,2018/11/09,to-read,to-read (#52),to-read,,,,0,0
53343,On Writing Well: The Classic Guide to Writing Nonfiction,William Zinsser,"Zinsser, William",,"=""0060891548""","=""9780060891541""",0,4.24,Harper Perennial,Paperback,336,2016,1976,,2018/11/09,to-read,to-read (#51),to-read,,,,0,0
38900866,It Doesn't Have to Be Crazy at Work,Jason Fried,"Fried, Jason",David Heinemeier Hansson,"=""0062874780""","=""9780062874788""",0,4.01,Harper Business,Hardcover,240,2018,2018,,2018/11/09,to-read,to-read (#50),to-read,,,,0,0
61619,Hacking: The Art of Exploitation,Jon Erickson,"Erickson, Jon",,"=""1593270070""","=""9781593270070""",0,4.16,No Starch Press,Paperback,241,2004,2003,,2018/11/09,to-read,to-read (#49),to-read,,,,0,0
8667490,"Life, on the Line: A Chef's Story of Chasing Greatness, Facing Death, and Redefining the Way We Eat",Grant Achatz,"Achatz, Grant",Nick Kokonas,"=""1592406017""","=""9781592406012""",0,4.10,Gotham,Hardcover,400,2011,2011,,2018/11/09,to-read,to-read (#48),to-read,,,,0,0
31799,The Problems of Philosophy,Bertrand Russell,"Russell, Bertrand",,"=""1421903679""","=""9781421903675""",0,3.92,IndyPublish.com,Paperback,116,2005,1912,,2018/11/09,to-read,to-read (#47),to-read,,,,0,0
31886,Introduction to Mathematical Philosophy,Bertrand Russell,"Russell, Bertrand",,"=""0486277240""","=""9780486277240""",0,4.03,Dover Publications,Paperback,224,1993,1918,,2018/11/09,to-read,to-read (#46),to-read,,,,0,0
26889576,The Big Short: Inside the Doomsday Machine,Michael   Lewis,"Lewis, Michael",,"=""039335315X""","=""9780393353150""",0,4.29,W. W. Norton  Company,Paperback,291,2015,2010,,2018/11/09,to-read,to-read (#45),to-read,,,,0,0
493212,Propaganda,Edward L. Bernays,"Bernays, Edward L.",,"=""0970312598""","=""9780970312594""",0,3.77,Ig Publishing,Paperback,168,2004,1928,,2018/11/09,to-read,to-read (#44),to-read,,,,0,0
66863,Only the Paranoid Survive. Lessons from the CEO of INTEL Corporation,Andrew S. Grove,"Grove, Andrew S.",,"=""1861975139""","=""9781861975133""",0,3.96,Profile Business,Paperback,224,1998,1988,,2018/11/09,to-read,to-read (#43),to-read,,,,0,0
36794489,When Einstein Walked with Gödel: Excursions to the Edge of Thought,Jim Holt,"Holt, Jim",,"=""0374146705""","=""9780374146702""",0,4.05,"Farrar, Straus and Giroux",Hardcover,368,2018,2018,,2018/11/09,to-read,to-read (#42),to-read,,,,0,0
5306,Travels with Charley: In Search of America,John Steinbeck,"Steinbeck, John",,"=""0142000701""","=""9780142000700""",0,4.07,Penguin,Paperback,214,2002,1961,,2018/11/09,to-read,to-read (#41),to-read,,,,0,0
36185976,Factfulness: Ten Reasons We're Wrong About the World--and Why Things Are Better Than You Think,Hans Rosling,"Rosling, Hans","Anna Rosling Rönnlund, Ola Rosling","=""""","=""""",5,4.36,Flatiron Books,Hardcover,342,2018,2018,2018/11/09,2018/06/25,,,read,,,,1,0
40718726,Genghis Khan and the Making of the Modern World,Jack Weatherford,"Weatherford, Jack",,"=""""","=""""",0,4.03,Broadway Books,Kindle Edition,352,2005,2004,,2018/11/09,to-read,to-read (#40),to-read,,,,0,0
13542520,Transcendence: Healing and Transformation Through Transcendental Meditation,Norman E. Rosenthal,"Rosenthal, Norman E.",Mehmet C. Oz,"=""1585429929""","=""9781585429929""",3,3.59,TarcherPerigee,Paperback,336,2012,2004,2018/10/31,2018/10/21,,,read,,,,1,0
1307582,Mindset: The New Psychology of Success,Carol S. Dweck,"Dweck, Carol S.",,"=""0345472322""","=""9780345472328""",4,4.08,Ballantine Books,Paperback,246,2007,2006,,2018/06/25,,,read,,,,1,0
23158207,How Google Works,Eric Schmidt,"Schmidt, Eric",Jonathan Rosenberg,"=""""","=""""",0,4.05,Grand Central Publishing,Kindle Edition,286,2014,2014,,2018/09/16,to-read,to-read (#39),to-read,,,,0,0
12543,Bird by Bird: Some Instructions on Writing and Life,Anne Lamott,"Lamott, Anne",,"=""""","=""""",0,4.23,Anchor,Paperback,237,1995,1994,,2018/09/15,to-read,to-read (#38),to-read,,,,0,0
18747254,Love and Math: The Heart of Hidden Reality,Edward Frenkel,"Frenkel, Edward",,"=""0465069959""","=""9780465069958""",4,3.67,Basic Books,ebook,292,2013,2013,,2018/06/25,programming,programming (#13),read,,,,1,0
20363346,Types and Programming Languages,Benjamin C. Pierce,"Pierce, Benjamin C.",,"=""""","=""""",5,4.26,MIT Press,Kindle Edition,648,2002,2002,,2018/06/25,programming,programming (#14),read,,,,1,0
1237955,In Code: A Mathematical Journey,Sarah Flannery,"Flannery, Sarah",David Flannery,"=""0761123849""","=""9780761123842""",4,3.81,Workman Publishing Company,Hardcover,384,2001,2000,,2018/08/05,,,read,,,,1,0
386482,The Four Agreements: A Practical Guide to Personal Freedom,Miguel Ruiz,"Ruiz, Miguel",,"=""1878424319""","=""9781878424310""",4,4.18,Amber-Allen Publishing,Paperback,140,1997,1997,,2018/08/05,,,read,,,,1,0
29496453,The Book of Joy: Lasting Happiness in a Changing World,Dalai Lama XIV,"XIV, Dalai Lama","Desmond Tutu, Douglas Carlton Abrams","=""0399185046""","=""9780399185045""",4,4.37,Avery,Hardcover,354,2016,2016,,2018/08/05,,,read,,,,1,0
4069,Man's Search for Meaning,Viktor E. Frankl,"Frankl, Viktor E.","Harold S. Kushner, William J. Winslade, Isle Lasch","=""080701429X""","=""9780807014295""",5,4.37,Beacon Press,Paperback,165,2006,1946,,2018/07/19,,,read,,,,1,0
24072897,Deep Learning,Ian Goodfellow,"Goodfellow, Ian","Yoshua Bengio, Aaron Courville","=""""","=""""",0,4.43,The MIT Press,ebook,787,2016,2016,,2018/07/19,to-read,to-read (#37),to-read,,,,0,0
763806,Childhood and Society,Erik H. Erikson,"Erikson, Erik H.",,"=""039331068X""","=""9780393310689""",0,4.06,W. W. Norton  Company,Paperback,448,1993,1950,,2018/06/29,to-read,to-read (#36),to-read,,,,0,0
859414,Management Challenges for the 21st Century,Peter F. Drucker,"Drucker, Peter F.",,"=""0887309992""","=""9780887309991""",0,4.08,Harper Business,Paperback,224,2001,1998,,2018/06/27,to-read,to-read (#35),to-read,,,,0,0
450534,When the Body Says No: The Cost of Hidden Stress,Gabor Maté,"Maté, Gabor",,"=""0676973124""","=""9780676973129""",0,4.29,Vintage Canada,Paperback,320,2004,2003,,2018/06/27,to-read,to-read (#34),to-read,,,,0,0
617702,In the Realm of Hungry Ghosts: Close Encounters with Addiction,Gabor Maté,"Maté, Gabor",,"=""0676977405""","=""9780676977400""",0,4.51,Knopf Canada,Hardcover,480,2008,2007,,2018/06/27,to-read,to-read (#33),to-read,,,,0,0
594288,Purely Functional Data Structures,Chris Okasaki,"Okasaki, Chris",,"=""0521663504""","=""9780521663502""",0,4.15,Cambridge University Press,Paperback,232,1999,1996,,2018/06/25,"to-read, programming","to-read (#32), programming (#17)",to-read,,,,0,0
8693802,Pearls of Functional Algorithm Design,Richard S. Bird,"Bird, Richard S.",,"=""0521513383""","=""9780521513388""",0,4.24,Cambridge University Press,Hardcover,290,2010,2010,,2018/06/25,"to-read, programming","to-read (#31), programming (#16)",to-read,,,,0,0
10803540,Algorithms,Robert Sedgewick,"Sedgewick, Robert",Kevin Wayne,"=""032157351X""","=""9780321573513""",0,4.41,Addison-Wesley Professional,Hardcover,976,2011,1983,,2018/06/25,"to-read, programming","to-read (#30), programming (#15)",to-read,,,,0,0
258562,ML for the Working Programmer,Lawrence C. Paulson,"Paulson, Lawrence C.",,"=""052156543X""","=""9780521565431""",0,3.87,Cambridge University Press,Paperback,500,1996,1991,,2018/06/25,"to-read, programming","to-read (#29), programming (#12)",to-read,,,,0,0
6978477,"Lambda-Calculus, Combinators and Functional Programming",György E. Révész,"Révész, György E.",,"=""0521114292""","=""9780521114295""",0,2.80,Cambridge University Press,Paperback,192,2009,1988,,2018/06/25,"to-read, programming","to-read (#28), programming (#11)",to-read,,,,0,0
1997607,Engineering a Compiler,Keith D. Cooper,"Cooper, Keith D.",Linda Torczon,"=""155860698X""","=""9781558606982""",0,4.04,Morgan Kaufmann Publishers,Hardcover,801,2003,2003,,2018/06/25,"to-read, programming","to-read (#27), programming (#10)",to-read,,,,0,0
236662,Readings in Database Systems,Joseph M. Hellerstein,"Hellerstein, Joseph M.",,"=""0262693143""","=""9780262693141""",0,4.60,MIT Press,Paperback,878,2005,1998,,2018/06/25,"to-read, programming","to-read (#26), programming (#9)",to-read,,,,0,0
5424660,Mathematical Theory of Program Correctness (Prentice-Hall International Series in Computer Science),J.W.de Bakker,"Bakker, J.W.de",,"=""0135621321""","=""9780135621325""",0,0.0,Prentice Hall,Hardcover,505,1980,1980,,2018/06/25,"to-read, programming","to-read (#25), programming (#8)",to-read,,,,0,0
958213,Haskell: The Craft of Functional Programming,Simon Thompson,"Thompson, Simon",,"=""0201342758""","=""9780201342758""",0,3.52,Addison-Wesley Professional,Paperback,487,1999,1996,,2018/06/25,"to-read, programming","to-read (#24), programming (#7)",to-read,,,,0,0
7530867,The Craft Of Programming,John C. Reynolds,"Reynolds, John C.",,"=""0131888625""","=""9780131888623""",0,0.0,Prentice Hall International,Hardcover,434,,,,2018/06/25,"to-read, programming","to-read (#23), programming (#6)",to-read,,,,0,0
1960947,Algorithmic Language and Program Development,Friedrich L. Bauer,"Bauer, Friedrich L.",,"=""0387111484""","=""9780387111483""",0,4.00,Springer,Hardcover,497,1982,1981,,2018/06/25,"to-read, programming","to-read (#22), programming (#5)",to-read,,,,0,0
112271,"The Theory of Parsing, Translation, and Compiling (Volume 2: Compiling)",Alfred V. Aho,"Aho, Alfred V.",Jeffrey D. Ullman,"=""0139145648""","=""9780139145643""",0,3.54,Prentice-Hall,Hardcover,460,1973,,,2018/06/25,"to-read, programming","to-read (#21), programming (#4)",to-read,,,,0,0
1041619,"The Theory of Parsing, Translation, and Compiling Volume 1: Parsing",Alfred V. Aho,"Aho, Alfred V.",Jeffrey D. Ullman,"=""0139145567""","=""9780139145568""",0,3.81,Prentice-Hall,Hardcover,542,1972,1972,,2018/06/25,"to-read, programming","to-read (#20), programming (#3)",to-read,,,,0,0
23466395,"Designing Data-Intensive Applications: The Big Ideas Behind Reliable, Scalable, and Maintainable Systems",Martin Kleppmann,"Kleppmann, Martin",,"=""1449373321""","=""9781449373320""",5,4.72,O'Reilly Media,Paperback,616,2017,2015,,2018/06/25,programming,programming (#2),read,,,,1,0
475675,"The Haskell Road to Logic, Maths and Programming",Kees Doets,"Doets, Kees",Jan van Eijck,"=""0954300696""","=""9780954300692""",0,3.64,College Publications,Paperback,432,2012,2004,,2018/06/25,"to-read, programming","to-read (#19), programming (#1)",to-read,,,,0,0
457242,Introduction To Cryptology,Brian Beckett,"Beckett, Brian",,"=""0632018364""","=""9780632018369""",0,0.0,Blackwell Scientific Publications,,344,1988,1988,,2018/06/25,to-read,to-read (#18),to-read,,,,0,0
7602360,Cryptography Engineering: Design Principles and Practical Applications,Niels Ferguson,"Ferguson, Niels","Bruce Schneier, Tadayoshi Kohno","=""0470474246""","=""9780470474242""",0,4.21,Wiley,Paperback,384,2010,2010,,2018/06/25,to-read,to-read (#17),to-read,,,,0,0
391164,The Moscow Puzzles: 359 Mathematical Recreations,Boris A. Kordemsky,"Kordemsky, Boris A.","Martin Gardner, Albert Parry","=""0486270785""","=""9780486270784""",0,4.15,Dover Publications,Paperback,320,1992,1954,,2018/06/25,to-read,to-read (#16),to-read,,,,0,0
6940427,The Lessons of History,Will Durant,"Durant, Will",Ariel Durant,"=""143914995X""","=""9781439149959""",0,4.09,Simon  Schuster,Paperback,120,2010,1968,,2018/06/25,to-read,to-read (#15),to-read,,,,0,0
18050143,"Zero to One: Notes on Startups, or How to Build the Future",Peter Thiel,"Thiel, Peter",Blake  Masters,"=""0804139296""","=""9780804139298""",0,4.18,Crown Business,Hardcover,195,2014,2014,,2018/06/25,to-read,to-read (#14),to-read,,,,0,0
46186,Parenting With Love and Logic,Foster W. Cline,"Cline, Foster W.",Jim Fay,"=""1576839540""","=""9781576839546""",0,4.06,NavPress Publishing Group,Hardcover,271,2006,1990,,2018/06/25,to-read,to-read (#13),to-read,,,,0,0
17329076,Letter from an Unknown Woman and Other Stories,Stefan Zweig,"Zweig, Stefan",Anthea Bell,"=""1906548935""","=""9781906548933""",0,4.23,Pushkin Press,Paperback,153,2013,1922,,2018/06/25,"to-read, fiction","to-read (#12), fiction (#2)",to-read,,,,0,0
629429,The World of Yesterday,Stefan Zweig,"Zweig, Stefan","Harry Zohn, Hugo Hultenberg, Анна Лилова, Anna Bengtsson","=""0803252242""","=""9780803252240""",0,4.51,University of Nebraska Press,Paperback,461,1964,1942,,2018/06/25,"to-read, fiction","to-read (#11), fiction (#1)",to-read,,,,0,0
18176747,The Hard Thing About Hard Things: Building a Business When There Are No Easy Answers,Ben Horowitz,"Horowitz, Ben",,"=""0062273205""","=""9780062273208""",4,4.23,Harper Business,Hardcover,304,2014,2014,,2018/06/25,,,read,,,,1,0
35167718,"""What Do You Care What Other People Think?"": Further Adventures of a Curious Character",Richard P. Feynman,"Feynman, Richard P.",Ralph Leighton,"=""0393355640""","=""9780393355642""",4,4.18,W. W. Norton  Company,Paperback,288,2018,1988,,2018/06/25,,,read,,,,1,0
6346975,Moonwalking with Einstein: The Art and Science of Remembering Everything,Joshua Foer,"Foer, Joshua",,"=""159420229X""","=""9781594202292""",3,3.88,"Penguin Press HC, The",Hardcover,307,2011,2011,,2018/06/25,,,read,,,,1,0
11468377,"Thinking, Fast and Slow",Daniel Kahneman,"Kahneman, Daniel",,"=""0374275637""","=""9780374275631""",5,4.18,"Farrar, Straus and Giroux",Hardcover,499,2011,2011,,2018/06/25,,,read,,,,1,0
21,A Short History of Nearly Everything,Bill Bryson,"Bryson, Bill",,"=""076790818X""","=""9780767908184""",0,4.21,Crown Publishing Group (NY),Paperback,544,2004,2003,,2018/06/25,to-read,to-read (#9),to-read,,,,0,0
24113,"Gödel, Escher, Bach: An Eternal Golden Braid",Douglas R. Hofstadter,"Hofstadter, Douglas R.",,"=""0465026567""","=""9780465026562""",0,4.29,Basic Books,Paperback,756,1999,1979,,2018/06/25,to-read,to-read (#8),to-read,,,,0,0
35412097,When: The Scientific Secrets of Perfect Timing,Daniel H. Pink,"Pink, Daniel H.",,"=""0735210624""","=""9780735210622""",0,3.79,Riverhead Books,Hardcover,272,2018,2018,,2018/06/25,to-read,to-read (#7),to-read,,,,0,0
21413662,"What If? Serious Scientific Answers to Absurd Hypothetical Questions (What If?, #1)",Randall Munroe,"Munroe, Randall",,"=""0544272994""","=""9780544272996""",4,4.14,Mariner Books,Hardcover,303,2014,2014,,2018/06/25,,,read,,,,1,0
10884,Einstein: His Life and Universe,Walter Isaacson,"Isaacson, Walter",,"=""0743264738""","=""9780743264730""",0,4.15,Simon & Schuster,Hardcover,675,2007,2007,,2018/06/25,to-read,to-read (#4),to-read,,,,0,0
38412,Fermat's Enigma,Simon Singh,"Singh, Simon",,"=""0385493622""","=""9780385493628""",4,4.28,Anchor,Paperback,315,1998,1997,,2018/06/25,,,read,,,,1,0
5544,"Surely You're Joking, Mr. Feynman!: Adventures of a Curious Character",Richard P. Feynman,"Feynman, Richard P.","Микола Климчук, 理查·費曼, 吳程遠","=""0393316041""","=""9780393316049""",4,4.27,W. W. Norton & Company,Paperback,391,1997,1985,,2018/06/25,,,read,,,,1,0
10883,Benjamin Franklin: An American Life,Walter Isaacson,"Isaacson, Walter",,"=""074325807X""","=""9780743258074""",0,4.03,Simon & Schuster,Paperback,586,2004,2003,,2018/06/25,to-read,to-read (#3),to-read,,,,0,0
2203,John Adams,David McCullough,"McCullough, David",,"=""0743223136""","=""9780743223133""",0,4.06,Simon & Schuster Paperbacks,Paperback,751,2001,2001,,2018/06/25,to-read,to-read (#2),to-read,,,,0,0
27213329,Grit: The Power of Passion and Perseverance,Angela Duckworth,"Duckworth, Angela",จารุจรรย์ คงมีสุข,"=""1443442313""","=""9781443442312""",4,4.08,Collins,Hardcover,277,2016,2016,,2018/06/25,,,read,,,,1,0
